-- Matriz energética Colombia: esquema + datos de muestra.
-- Fact_Generacion: fechas 2020-01-01 a 2020-05-21 (serie diaria). Fact_Costos: anio 2024.
-- El nombre del archivo conserva el rango 2020_2025 como convención del proyecto académico.
CREATE DATABASE IF NOT EXISTS MatrizEnergeticaCol;
USE MatrizEnergeticaCol;

CREATE TABLE Dim_TipoEnergia (
    id_tipo_energia INT PRIMARY KEY,
    fuente VARCHAR(50),
    es_convencional BOOLEAN,
    descripcion TEXT
);

INSERT INTO Dim_TipoEnergia VALUES (1, 'Hidráulica', 1, 'Embalses y Filo de agua');
INSERT INTO Dim_TipoEnergia VALUES (2, 'Solar', 0, 'Fotovoltaica Utility Scale');
INSERT INTO Dim_TipoEnergia VALUES (3, 'Eólica', 0, 'Aerogeneradores Onshore');
INSERT INTO Dim_TipoEnergia VALUES (4, 'Geotérmica', 0, 'Vapor de alta entalpía');

CREATE TABLE Dim_Regulacion (
    id_regulacion INT PRIMARY KEY,
    ley VARCHAR(100),
    incentivo VARCHAR(255),
    pct_ahorro DECIMAL(5,2)
);

INSERT INTO Dim_Regulacion VALUES (1, 'Ley 1715', 'Deducción Renta 50%', 50.0);
INSERT INTO Dim_Regulacion VALUES (2, 'Ley 2099', 'Exclusión IVA Bienes/Servicios', 19.0);

CREATE TABLE Dim_Proyecto (
    id_proyecto INT PRIMARY KEY,
    nombre VARCHAR(100),
    depto VARCHAR(100),
    id_tipo INT,
    capacidad_mw DECIMAL(10,2),
    FOREIGN KEY (id_tipo) REFERENCES Dim_TipoEnergia(id_tipo_energia)
);

INSERT INTO Dim_Proyecto VALUES (101, 'Hidroituango', 'Antioquia', 1, 2400);
INSERT INTO Dim_Proyecto VALUES (102, 'Guavio', 'Cundinamarca', 1, 1213);
INSERT INTO Dim_Proyecto VALUES (201, 'La Loma', 'Cesar', 2, 187);
INSERT INTO Dim_Proyecto VALUES (202, 'Celsia Solar', 'Tolima', 2, 80);
INSERT INTO Dim_Proyecto VALUES (301, 'Guajira I', 'La Guajira', 3, 20);
INSERT INTO Dim_Proyecto VALUES (302, 'Alpha Wind', 'La Guajira', 3, 504);
INSERT INTO Dim_Proyecto VALUES (401, 'Nereidas', 'Caldas', 4, 50);

CREATE TABLE Fact_Generacion (
    id_gen INT AUTO_INCREMENT PRIMARY KEY,
    id_proyecto INT,
    fecha DATE,
    generacion_gwh DECIMAL(12,4),
    factor_planta_pct DECIMAL(5,2),
    FOREIGN KEY (id_proyecto) REFERENCES Dim_Proyecto(id_proyecto)
);

INSERT INTO Fact_Generacion (id_proyecto, fecha, generacion_gwh, factor_planta_pct) VALUES
(101, '2020-01-01', 39.7289, 68.97),
(101, '2020-01-02', 36.8029, 63.89),
(101, '2020-01-03', 40.4245, 70.18),
(101, '2020-01-04', 44.4581, 77.18),
(101, '2020-01-05', 36.361, 63.13),
(101, '2020-01-06', 36.3611, 63.13),
(101, '2020-01-07', 44.717, 77.63),
(101, '2020-01-08', 40.9763, 71.14),
(101, '2020-01-09', 35.2767, 61.24),
(101, '2020-01-10', 39.9401, 69.34),
(101, '2020-01-11', 35.3046, 61.29),
(101, '2020-01-12', 35.2939, 61.27),
(101, '2020-01-13', 38.555, 66.94),
(101, '2020-01-14', 28.6236, 49.69),
(101, '2020-01-15', 29.4916, 51.2),
(101, '2020-01-16', 34.849, 60.5),
(101, '2020-01-17', 32.7729, 56.9),
(101, '2020-01-18', 38.8881, 67.51),
(101, '2020-01-19', 33.2558, 57.74),
(101, '2020-01-20', 30.9321, 53.7),
(101, '2020-01-21', 44.1937, 76.73),
(101, '2020-01-22', 36.3996, 63.19),
(101, '2020-01-23', 37.7512, 65.54),
(101, '2020-01-24', 30.8748, 53.6),
(101, '2020-01-25', 34.9315, 60.64),
(101, '2020-01-26', 37.9511, 65.89),
(101, '2020-01-27', 32.1362, 55.79),
(101, '2020-01-28', 39.1712, 68.01),
(101, '2020-01-29', 34.6723, 60.19),
(101, '2020-01-30', 36.0959, 62.67),
(101, '2020-01-31', 34.6673, 60.19),
(101, '2020-02-01', 45.9753, 79.82),
(101, '2020-02-02', 37.3778, 64.89),
(101, '2020-02-03', 32.5661, 56.54),
(101, '2020-02-04', 41.2303, 71.58),
(101, '2020-02-05', 31.8144, 55.23),
(101, '2020-02-06', 38.4024, 66.67),
(101, '2020-02-07', 28.4098, 49.32),
(101, '2020-02-08', 31.3197, 54.37),
(101, '2020-02-09', 38.3471, 66.57),
(101, '2020-02-10', 40.8429, 70.91),
(101, '2020-02-11', 38.2297, 66.37),
(101, '2020-02-12', 36.9071, 64.07),
(101, '2020-02-13', 36.0525, 62.59),
(101, '2020-02-14', 30.627, 53.17),
(101, '2020-02-15', 34.123, 59.24),
(101, '2020-02-16', 35.3174, 61.31),
(101, '2020-02-17', 42.3112, 73.46),
(101, '2020-02-18', 39.0234, 67.75),
(101, '2020-02-19', 29.3159, 50.9),
(101, '2020-02-20', 38.9334, 67.59),
(101, '2020-02-21', 35.6655, 61.92),
(101, '2020-02-22', 34.3207, 59.58),
(101, '2020-02-23', 40.2586, 69.89),
(101, '2020-02-24', 42.1908, 73.25),
(101, '2020-02-25', 41.7313, 72.45),
(101, '2020-02-26', 33.5729, 58.29),
(101, '2020-02-27', 36.0151, 62.53),
(101, '2020-02-28', 38.9665, 67.65),
(101, '2020-02-29', 41.9353, 72.8),
(101, '2020-03-01', 35.232, 61.17),
(101, '2020-03-02', 36.5845, 63.51),
(101, '2020-03-03', 32.342, 56.15),
(101, '2020-03-04', 31.9279, 55.43),
(101, '2020-03-05', 41.1841, 71.5),
(101, '2020-03-06', 43.6896, 75.85),
(101, '2020-03-07', 37.1082, 64.42),
(101, '2020-03-08', 42.0643, 73.03),
(101, '2020-03-09', 39.1064, 67.89),
(101, '2020-03-10', 34.4673, 59.84),
(101, '2020-03-11', 39.1053, 67.89),
(101, '2020-03-12', 44.5273, 77.3),
(101, '2020-03-13', 37.2749, 64.71),
(101, '2020-03-14', 44.6499, 77.52),
(101, '2020-03-15', 25.3682, 44.04),
(101, '2020-03-16', 41.2273, 71.58),
(101, '2020-03-17', 37.8411, 65.7),
(101, '2020-03-18', 36.0622, 62.61),
(101, '2020-03-19', 37.8628, 65.73),
(101, '2020-03-20', 28.2813, 49.1),
(101, '2020-03-21', 36.4278, 63.24),
(101, '2020-03-22', 39.0856, 67.86),
(101, '2020-03-23', 44.2501, 76.82),
(101, '2020-03-24', 35.0518, 60.85),
(101, '2020-03-25', 33.7145, 58.53),
(101, '2020-03-26', 35.1279, 60.99),
(101, '2020-03-27', 41.6582, 72.32),
(101, '2020-03-28', 38.9549, 67.63),
(101, '2020-03-29', 34.9989, 60.76),
(101, '2020-03-30', 39.8051, 69.11),
(101, '2020-03-31', 37.8873, 65.78),
(101, '2020-04-01', 41.9035, 72.75),
(101, '2020-04-02', 34.2049, 59.38),
(101, '2020-04-03', 35.9301, 62.38),
(101, '2020-04-04', 35.6332, 61.86),
(101, '2020-04-05', 30.6961, 53.29),
(101, '2020-04-06', 38.8045, 67.37),
(101, '2020-04-07', 38.6429, 67.09),
(101, '2020-04-08', 37.4636, 65.04),
(101, '2020-04-09', 36.359, 63.12),
(101, '2020-04-10', 30.918, 53.68),
(101, '2020-04-11', 35.5017, 61.63),
(101, '2020-04-12', 35.8608, 62.26),
(101, '2020-04-13', 33.7431, 58.58),
(101, '2020-04-14', 36.6968, 63.71),
(101, '2020-04-15', 39.3019, 68.23),
(101, '2020-04-16', 46.1315, 80.09),
(101, '2020-04-17', 38.2445, 66.4),
(101, '2020-04-18', 38.6268, 67.06),
(101, '2020-04-19', 37.097, 64.4),
(101, '2020-04-20', 28.5983, 49.65),
(101, '2020-04-21', 37.3178, 64.79),
(101, '2020-04-22', 37.7175, 65.48),
(101, '2020-04-23', 48.7906, 84.71),
(101, '2020-04-24', 36.5536, 63.46),
(101, '2020-04-25', 38.8295, 67.41),
(101, '2020-04-26', 37.28, 64.72),
(101, '2020-04-27', 32.0547, 55.65),
(101, '2020-04-28', 42.7061, 74.14),
(101, '2020-04-29', 40.9049, 71.02),
(101, '2020-04-30', 41.0851, 71.33),
(101, '2020-05-01', 33.2495, 57.72),
(101, '2020-05-02', 43.9041, 76.22),
(101, '2020-05-03', 30.9803, 53.79),
(101, '2020-05-04', 40.1442, 69.69),
(101, '2020-05-05', 47.5336, 82.52),
(101, '2020-05-06', 32.8756, 57.08),
(101, '2020-05-07', 34.8305, 60.47),
(101, '2020-05-08', 37.8992, 65.8),
(101, '2020-05-09', 35.12, 60.97),
(101, '2020-05-10', 30.2945, 52.59),
(101, '2020-05-11', 37.7559, 65.55),
(101, '2020-05-12', 32.5449, 56.5),
(101, '2020-05-13', 39.6223, 68.79),
(101, '2020-05-14', 33.2033, 57.64),
(101, '2020-05-15', 44.5821, 77.4),
(101, '2020-05-16', 33.8308, 58.73),
(101, '2020-05-17', 35.9559, 62.42),
(101, '2020-05-18', 41.1887, 71.51),
(101, '2020-05-19', 31.7682, 55.15),
(101, '2020-05-20', 38.4881, 66.82),
(101, '2020-05-21', 43.4633, 75.46),
(101, '2020-05-22', 30.0327, 52.14),
(102, '2020-01-01', 19.3528, 66.48),
(102, '2020-01-02', 19.5281, 67.08),
(102, '2020-01-03', 20.7436, 71.25),
(102, '2020-01-04', 16.042, 55.1),
(102, '2020-01-05', 15.8475, 54.44),
(102, '2020-01-06', 20.1384, 69.18),
(102, '2020-01-07', 19.6145, 67.38),
(102, '2020-01-08', 19.5062, 67.0),
(102, '2020-01-09', 19.7297, 67.77),
(102, '2020-01-10', 17.339, 59.56),
(102, '2020-01-11', 19.4637, 66.86),
(102, '2020-01-12', 19.6054, 67.34),
(102, '2020-01-13', 17.2591, 59.29),
(102, '2020-01-14', 23.2681, 79.93),
(102, '2020-01-15', 20.0263, 68.79),
(102, '2020-01-16', 16.1483, 55.47),
(102, '2020-01-17', 20.4519, 70.25),
(102, '2020-01-18', 16.6528, 57.2),
(102, '2020-01-19', 20.7559, 71.3),
(102, '2020-01-20', 21.6211, 74.27),
(102, '2020-01-21', 17.0115, 58.43),
(102, '2020-01-22', 21.1665, 72.71),
(102, '2020-01-23', 19.8842, 68.3),
(102, '2020-01-24', 20.8373, 71.58),
(102, '2020-01-25', 23.3404, 80.17),
(102, '2020-01-26', 18.3513, 63.04),
(102, '2020-01-27', 17.1674, 58.97),
(102, '2020-01-28', 16.8512, 57.88),
(102, '2020-01-29', 17.0228, 58.47),
(102, '2020-01-30', 18.7432, 64.38),
(102, '2020-01-31', 19.7173, 67.73),
(102, '2020-02-01', 19.5672, 67.21),
(102, '2020-02-02', 20.8493, 71.62),
(102, '2020-02-03', 18.9531, 65.1),
(102, '2020-02-04', 22.308, 76.63),
(102, '2020-02-05', 18.3064, 62.88),
(102, '2020-02-06', 25.258, 86.76),
(102, '2020-02-07', 20.38, 70.01),
(102, '2020-02-08', 16.9265, 58.14),
(102, '2020-02-09', 16.4287, 56.43),
(102, '2020-02-10', 20.0465, 68.86),
(102, '2020-02-11', 18.4024, 63.21),
(102, '2020-02-12', 20.5857, 70.71),
(102, '2020-02-13', 20.025, 68.79),
(102, '2020-02-14', 18.7532, 64.42),
(102, '2020-02-15', 16.9507, 58.23),
(102, '2020-02-16', 15.3948, 52.88),
(102, '2020-02-17', 17.8829, 61.43),
(102, '2020-02-18', 20.9173, 71.85),
(102, '2020-02-19', 19.4214, 66.71),
(102, '2020-02-20', 16.0215, 55.03),
(102, '2020-02-21', 19.3261, 66.39),
(102, '2020-02-22', 19.8202, 68.08),
(102, '2020-02-23', 16.8643, 57.93),
(102, '2020-02-24', 19.2808, 66.23),
(102, '2020-02-25', 19.0584, 65.47),
(102, '2020-02-26', 16.2609, 55.86),
(102, '2020-02-27', 19.7561, 67.86),
(102, '2020-02-28', 20.2288, 69.49),
(102, '2020-02-29', 21.4452, 73.66),
(102, '2020-03-01', 21.3771, 73.43),
(102, '2020-03-02', 15.7143, 53.98),
(102, '2020-03-03', 16.7386, 57.5),
(102, '2020-03-04', 20.1223, 69.12),
(102, '2020-03-05', 20.1194, 69.11),
(102, '2020-03-06', 20.1223, 69.12),
(102, '2020-03-07', 27.8957, 95.82),
(102, '2020-03-08', 20.2524, 69.57),
(102, '2020-03-09', 21.5675, 74.08),
(102, '2020-03-10', 21.1446, 72.63),
(102, '2020-03-11', 20.4399, 70.21),
(102, '2020-03-12', 18.1886, 62.48),
(102, '2020-03-13', 20.6904, 71.07),
(102, '2020-03-14', 17.1229, 58.82),
(102, '2020-03-15', 18.3713, 63.11),
(102, '2020-03-16', 17.7924, 61.12),
(102, '2020-03-17', 19.1135, 65.65),
(102, '2020-03-18', 24.3135, 83.52),
(102, '2020-03-19', 14.574, 50.06),
(102, '2020-03-20', 20.5211, 70.49),
(102, '2020-03-21', 15.1668, 52.1),
(102, '2020-03-22', 17.8237, 61.22),
(102, '2020-03-23', 21.4589, 73.71),
(102, '2020-03-24', 19.0725, 65.51),
(102, '2020-03-25', 16.4128, 56.38),
(102, '2020-03-26', 17.2569, 59.28),
(102, '2020-03-27', 20.5056, 70.44),
(102, '2020-03-28', 17.2218, 59.16),
(102, '2020-03-29', 19.4269, 66.73),
(102, '2020-03-30', 19.0289, 65.36),
(102, '2020-03-31', 17.4052, 59.79),
(102, '2020-04-01', 23.916, 82.15),
(102, '2020-04-02', 20.3992, 70.07),
(102, '2020-04-03', 14.2063, 48.8),
(102, '2020-04-04', 19.357, 66.49),
(102, '2020-04-05', 17.3815, 59.71),
(102, '2020-04-06', 20.9081, 71.82),
(102, '2020-04-07', 17.0771, 58.66),
(102, '2020-04-08', 18.6556, 64.08),
(102, '2020-04-09', 20.0989, 69.04),
(102, '2020-04-10', 20.9391, 71.93),
(102, '2020-04-11', 16.1274, 55.4),
(102, '2020-04-12', 18.1438, 62.32),
(102, '2020-04-13', 17.8167, 61.2),
(102, '2020-04-14', 17.4012, 59.77),
(102, '2020-04-15', 23.0345, 79.12),
(102, '2020-04-16', 19.866, 68.24),
(102, '2020-04-17', 15.9863, 54.91),
(102, '2020-04-18', 21.0605, 72.34),
(102, '2020-04-19', 23.8652, 81.98),
(102, '2020-04-20', 21.3274, 73.26),
(102, '2020-04-21', 15.3842, 52.85),
(102, '2020-04-22', 17.795, 61.13),
(102, '2020-04-23', 21.8734, 75.14),
(102, '2020-04-24', 17.2747, 59.34),
(102, '2020-04-25', 19.9564, 68.55),
(102, '2020-04-26', 20.7269, 71.2),
(102, '2020-04-27', 16.764, 57.58),
(102, '2020-04-28', 18.7842, 64.52),
(102, '2020-04-29', 11.374, 39.07),
(102, '2020-04-30', 16.537, 56.8),
(102, '2020-05-01', 18.3346, 62.98),
(102, '2020-05-02', 16.0168, 55.02),
(102, '2020-05-03', 22.7246, 78.06),
(102, '2020-05-04', 15.5921, 53.56),
(102, '2020-05-05', 17.898, 61.48),
(102, '2020-05-06', 19.2273, 66.05),
(102, '2020-05-07', 22.2795, 76.53),
(102, '2020-05-08', 15.5787, 53.51),
(102, '2020-05-09', 21.6318, 74.31),
(102, '2020-05-10', 18.9466, 65.08),
(102, '2020-05-11', 16.6369, 57.15),
(102, '2020-05-12', 19.999, 68.7),
(102, '2020-05-13', 19.3864, 66.59),
(102, '2020-05-14', 17.5249, 60.2),
(102, '2020-05-15', 19.0854, 65.56),
(102, '2020-05-16', 18.0254, 61.92),
(102, '2020-05-17', 19.1872, 65.91),
(102, '2020-05-18', 20.4649, 70.3),
(102, '2020-05-19', 22.6166, 77.69),
(102, '2020-05-20', 16.04, 55.1),
(102, '2020-05-21', 23.8905, 82.06),
(102, '2020-05-22', 14.3765, 49.38),
(201, '2020-01-01', 0.7982, 17.79),
(201, '2020-01-02', 1.0639, 23.71),
(201, '2020-01-03', 0.9536, 21.25),
(201, '2020-01-04', 0.6291, 14.02),
(201, '2020-01-05', 0.778, 17.34),
(201, '2020-01-06', 0.6757, 15.06),
(201, '2020-01-07', 0.6411, 14.29),
(201, '2020-01-08', 1.1578, 25.8),
(201, '2020-01-09', 0.9809, 21.86),
(201, '2020-01-10', 0.6039, 13.46),
(201, '2020-01-11', 1.1757, 26.2),
(201, '2020-01-12', 0.9631, 21.46),
(201, '2020-01-13', 1.1446, 25.5),
(201, '2020-01-14', 1.0788, 24.04),
(201, '2020-01-15', 0.5551, 12.37),
(201, '2020-01-16', 0.6516, 14.52),
(201, '2020-01-17', 1.121, 24.98),
(201, '2020-01-18', 1.0719, 23.88),
(201, '2020-01-19', 0.8452, 18.83),
(201, '2020-01-20', 0.8948, 19.94),
(201, '2020-01-21', 1.3115, 29.22),
(201, '2020-01-22', 0.6403, 14.27),
(201, '2020-01-23', 1.0491, 23.38),
(201, '2020-01-24', 0.7801, 17.38),
(201, '2020-01-25', 0.7746, 17.26),
(201, '2020-01-26', 1.2472, 27.79),
(201, '2020-01-27', 1.1491, 25.6),
(201, '2020-01-28', 1.1448, 25.51),
(201, '2020-01-29', 1.3214, 29.44),
(201, '2020-01-30', 0.8603, 19.17),
(201, '2020-01-31', 1.0976, 24.46),
(201, '2020-02-01', 0.7413, 16.52),
(201, '2020-02-02', 0.9691, 21.59),
(201, '2020-02-03', 0.806, 17.96),
(201, '2020-02-04', 0.8875, 19.78),
(201, '2020-02-05', 1.0664, 23.76),
(201, '2020-02-06', 0.5589, 12.45),
(201, '2020-02-07', 1.604, 35.74),
(201, '2020-02-08', 0.4915, 10.95),
(201, '2020-02-09', 0.4168, 9.29),
(201, '2020-02-10', 1.2685, 28.26),
(201, '2020-02-11', 1.137, 25.33),
(201, '2020-02-12', 1.0768, 23.99),
(201, '2020-02-13', 1.0783, 24.03),
(201, '2020-02-14', 0.8483, 18.9),
(201, '2020-02-15', 0.5306, 11.82),
(201, '2020-02-16', 0.8799, 19.61),
(201, '2020-02-17', 0.6096, 13.58),
(201, '2020-02-18', 1.2028, 26.8),
(201, '2020-02-19', 0.7999, 17.82),
(201, '2020-02-20', 0.5563, 12.4),
(201, '2020-02-21', 0.7373, 16.43),
(201, '2020-02-22', 1.001, 22.3),
(201, '2020-02-23', 0.6503, 14.49),
(201, '2020-02-24', 0.5575, 12.42),
(201, '2020-02-25', 0.9402, 20.95),
(201, '2020-02-26', 0.9407, 20.96),
(201, '2020-02-27', 0.6707, 14.94),
(201, '2020-02-28', 0.6836, 15.23),
(201, '2020-02-29', 0.936, 20.86),
(201, '2020-03-01', 0.3328, 7.42),
(201, '2020-03-02', 0.3474, 7.74),
(201, '2020-03-03', 0.5948, 13.25),
(201, '2020-03-04', 0.7761, 17.29),
(201, '2020-03-05', 0.9643, 21.49),
(201, '2020-03-06', 1.3824, 30.8),
(201, '2020-03-07', 1.1607, 25.86),
(201, '2020-03-08', 0.7953, 17.72),
(201, '2020-03-09', 0.8459, 18.85),
(201, '2020-03-10', 0.4928, 10.98),
(201, '2020-03-11', 0.8461, 18.85),
(201, '2020-03-12', 0.7491, 16.69),
(201, '2020-03-13', 0.9686, 21.58),
(201, '2020-03-14', 0.5557, 12.38),
(201, '2020-03-15', 1.0392, 23.15),
(201, '2020-03-16', 1.403, 31.26),
(201, '2020-03-17', 0.8137, 18.13),
(201, '2020-03-18', 0.997, 22.21),
(201, '2020-03-19', 1.1005, 24.52),
(201, '2020-03-20', 0.7087, 15.79),
(201, '2020-03-21', 0.9332, 20.79),
(201, '2020-03-22', 0.8572, 19.1),
(201, '2020-03-23', 0.8878, 19.78),
(201, '2020-03-24', 0.5752, 12.82),
(201, '2020-03-25', 0.8615, 19.2),
(201, '2020-03-26', 1.0315, 22.98),
(201, '2020-03-27', 1.3737, 30.61),
(201, '2020-03-28', 1.1971, 26.67),
(201, '2020-03-29', 1.6258, 36.23),
(201, '2020-03-30', 0.5772, 12.86),
(201, '2020-03-31', 1.1659, 25.98),
(201, '2020-04-01', 0.9185, 20.47),
(201, '2020-04-02', 1.6389, 36.52),
(201, '2020-04-03', 0.5625, 12.53),
(201, '2020-04-04', 0.5512, 12.28),
(201, '2020-04-05', 0.6375, 14.2),
(201, '2020-04-06', 0.2244, 5.0),
(201, '2020-04-07', 0.664, 14.79),
(201, '2020-04-08', 0.5802, 12.93),
(201, '2020-04-09', 0.9067, 20.2),
(201, '2020-04-10', 0.9754, 21.73),
(201, '2020-04-11', 1.5263, 34.01),
(201, '2020-04-12', 1.194, 26.6),
(201, '2020-04-13', 0.6456, 14.38),
(201, '2020-04-14', 0.5302, 11.81),
(201, '2020-04-15', 1.0293, 22.94),
(201, '2020-04-16', 0.3787, 8.44),
(201, '2020-04-17', 1.5103, 33.65),
(201, '2020-04-18', 1.2762, 28.44),
(201, '2020-04-19', 0.6843, 15.25),
(201, '2020-04-20', 0.2376, 5.29),
(201, '2020-04-21', 1.3388, 29.83),
(201, '2020-04-22', 0.8116, 18.08),
(201, '2020-04-23', 1.2971, 28.9),
(201, '2020-04-24', 0.2803, 6.24),
(201, '2020-04-25', 0.6375, 14.2),
(201, '2020-04-26', 0.8546, 19.04),
(201, '2020-04-27', 0.8696, 19.38),
(201, '2020-04-28', 0.6911, 15.4),
(201, '2020-04-29', 1.0763, 23.98),
(201, '2020-04-30', 0.4694, 10.46),
(201, '2020-05-01', 0.8016, 17.86),
(201, '2020-05-02', 0.8959, 19.96),
(201, '2020-05-03', 1.0374, 23.12),
(201, '2020-05-04', 1.1082, 24.69),
(201, '2020-05-05', 0.4489, 10.0),
(201, '2020-05-06', 0.3019, 6.73),
(201, '2020-05-07', 1.3115, 29.22),
(201, '2020-05-08', 0.972, 21.66),
(201, '2020-05-09', 0.584, 13.01),
(201, '2020-05-10', 1.4096, 31.41),
(201, '2020-05-11', 0.8943, 19.93),
(201, '2020-05-12', 1.2761, 28.43),
(201, '2020-05-13', 0.877, 19.54),
(201, '2020-05-14', 1.5926, 35.49),
(201, '2020-05-15', 1.483, 33.04),
(201, '2020-05-16', 0.7633, 17.01),
(201, '2020-05-17', 1.2016, 26.77),
(201, '2020-05-18', 1.0844, 24.16),
(201, '2020-05-19', 1.3441, 29.95),
(201, '2020-05-20', 0.5063, 11.28),
(201, '2020-05-21', 1.099, 24.49),
(201, '2020-05-22', 1.2327, 27.47),
(202, '2020-01-01', 0.096, 5.0),
(202, '2020-01-02', 0.1831, 9.53),
(202, '2020-01-03', 0.096, 5.0),
(202, '2020-01-04', 0.3234, 16.84),
(202, '2020-01-05', 0.475, 24.74),
(202, '2020-01-06', 0.5956, 31.02),
(202, '2020-01-07', 0.3762, 19.59),
(202, '2020-01-08', 0.615, 32.03),
(202, '2020-01-09', 0.1528, 7.96),
(202, '2020-01-10', 0.1032, 5.37),
(202, '2020-01-11', 0.3563, 18.56),
(202, '2020-01-12', 0.4238, 22.07),
(202, '2020-01-13', 0.3598, 18.74),
(202, '2020-01-14', 0.096, 5.0),
(202, '2020-01-15', 0.3511, 18.29),
(202, '2020-01-16', 0.1644, 8.56),
(202, '2020-01-17', 0.4677, 24.36),
(202, '2020-01-18', 0.4211, 21.93),
(202, '2020-01-19', 0.2204, 11.48),
(202, '2020-01-20', 0.2859, 14.89),
(202, '2020-01-21', 0.2021, 10.53),
(202, '2020-01-22', 0.3552, 18.5),
(202, '2020-01-23', 0.5115, 26.64),
(202, '2020-01-24', 0.2134, 11.11),
(202, '2020-01-25', 0.4422, 23.03),
(202, '2020-01-26', 0.2834, 14.76),
(202, '2020-01-27', 0.243, 12.66),
(202, '2020-01-28', 0.3484, 18.14),
(202, '2020-01-29', 0.2058, 10.72),
(202, '2020-01-30', 0.2798, 14.57),
(202, '2020-01-31', 0.1808, 9.42),
(202, '2020-02-01', 0.6666, 34.72),
(202, '2020-02-02', 0.3702, 19.28),
(202, '2020-02-03', 0.2573, 13.4),
(202, '2020-02-04', 0.3977, 20.71),
(202, '2020-02-05', 0.3475, 18.1),
(202, '2020-02-06', 0.3309, 17.23),
(202, '2020-02-07', 0.4591, 23.91),
(202, '2020-02-08', 0.4812, 25.06),
(202, '2020-02-09', 0.2833, 14.76),
(202, '2020-02-10', 0.2764, 14.39),
(202, '2020-02-11', 0.3226, 16.8),
(202, '2020-02-12', 0.096, 5.0),
(202, '2020-02-13', 0.1321, 6.88),
(202, '2020-02-14', 0.5748, 29.93),
(202, '2020-02-15', 0.6175, 32.16),
(202, '2020-02-16', 0.3265, 17.01),
(202, '2020-02-17', 0.4534, 23.61),
(202, '2020-02-18', 0.4126, 21.49),
(202, '2020-02-19', 0.8377, 43.63),
(202, '2020-02-20', 0.5368, 27.96),
(202, '2020-02-21', 0.3452, 17.98),
(202, '2020-02-22', 0.218, 11.36),
(202, '2020-02-23', 0.118, 6.15),
(202, '2020-02-24', 0.3961, 20.63),
(202, '2020-02-25', 0.2486, 12.95),
(202, '2020-02-26', 0.1463, 7.62),
(202, '2020-02-27', 0.2655, 13.83),
(202, '2020-02-28', 0.1987, 10.35),
(202, '2020-02-29', 0.6239, 32.5),
(202, '2020-03-01', 0.5002, 26.05),
(202, '2020-03-02', 0.3636, 18.94),
(202, '2020-03-03', 0.5921, 30.84),
(202, '2020-03-04', 0.3767, 19.62),
(202, '2020-03-05', 0.2325, 12.11),
(202, '2020-03-06', 0.5988, 31.18),
(202, '2020-03-07', 0.4476, 23.31),
(202, '2020-03-08', 0.2055, 10.7),
(202, '2020-03-09', 0.3356, 17.48),
(202, '2020-03-10', 0.2303, 12.0),
(202, '2020-03-11', 0.1524, 7.94),
(202, '2020-03-12', 0.5071, 26.41),
(202, '2020-03-13', 0.6581, 34.28),
(202, '2020-03-14', 0.15, 7.81),
(202, '2020-03-15', 0.4513, 23.5),
(202, '2020-03-16', 0.2649, 13.79),
(202, '2020-03-17', 0.29, 15.1),
(202, '2020-03-18', 0.2738, 14.26),
(202, '2020-03-19', 0.2321, 12.09),
(202, '2020-03-20', 0.3723, 19.39),
(202, '2020-03-21', 0.2372, 12.35),
(202, '2020-03-22', 0.4063, 21.16),
(202, '2020-03-23', 0.3571, 18.6),
(202, '2020-03-24', 0.3281, 17.09),
(202, '2020-03-25', 0.2254, 11.74),
(202, '2020-03-26', 0.2762, 14.39),
(202, '2020-03-27', 0.4808, 25.04),
(202, '2020-03-28', 0.4417, 23.01),
(202, '2020-03-29', 0.2146, 11.18),
(202, '2020-03-30', 0.3801, 19.79),
(202, '2020-03-31', 0.4802, 25.01),
(202, '2020-04-01', 0.1084, 5.64),
(202, '2020-04-02', 0.4483, 23.35),
(202, '2020-04-03', 0.263, 13.7),
(202, '2020-04-04', 0.4524, 23.56),
(202, '2020-04-05', 0.2476, 12.89),
(202, '2020-04-06', 0.096, 5.0),
(202, '2020-04-07', 0.1148, 5.98),
(202, '2020-04-08', 0.3722, 19.38),
(202, '2020-04-09', 0.4047, 21.08),
(202, '2020-04-10', 0.2259, 11.77),
(202, '2020-04-11', 0.4629, 24.11),
(202, '2020-04-12', 0.1096, 5.71),
(202, '2020-04-13', 0.3547, 18.47),
(202, '2020-04-14', 0.1788, 9.31),
(202, '2020-04-15', 0.2647, 13.79),
(202, '2020-04-16', 0.3721, 19.38),
(202, '2020-04-17', 0.2326, 12.12),
(202, '2020-04-18', 0.3057, 15.92),
(202, '2020-04-19', 0.5194, 27.05),
(202, '2020-04-20', 0.2762, 14.38),
(202, '2020-04-21', 0.4932, 25.69),
(202, '2020-04-22', 0.1913, 9.96),
(202, '2020-04-23', 0.4462, 23.24),
(202, '2020-04-24', 0.5862, 30.53),
(202, '2020-04-25', 0.096, 5.0),
(202, '2020-04-26', 0.2424, 12.62),
(202, '2020-04-27', 0.4534, 23.62),
(202, '2020-04-28', 0.3336, 17.38),
(202, '2020-04-29', 0.4218, 21.97),
(202, '2020-04-30', 0.272, 14.17),
(202, '2020-05-01', 0.3781, 19.69),
(202, '2020-05-02', 0.3409, 17.75),
(202, '2020-05-03', 0.5442, 28.34),
(202, '2020-05-04', 0.4039, 21.04),
(202, '2020-05-05', 0.4167, 21.7),
(202, '2020-05-06', 0.3015, 15.7),
(202, '2020-05-07', 0.2899, 15.1),
(202, '2020-05-08', 0.2984, 15.54),
(202, '2020-05-09', 0.4254, 22.16),
(202, '2020-05-10', 0.3001, 15.63),
(202, '2020-05-11', 0.4093, 21.32),
(202, '2020-05-12', 0.6836, 35.6),
(202, '2020-05-13', 0.4986, 25.97),
(202, '2020-05-14', 0.3147, 16.39),
(202, '2020-05-15', 0.5493, 28.61),
(202, '2020-05-16', 0.3021, 15.74),
(202, '2020-05-17', 0.096, 5.0),
(202, '2020-05-18', 0.21, 10.94),
(202, '2020-05-19', 0.096, 5.0),
(202, '2020-05-20', 0.3108, 16.19),
(202, '2020-05-21', 0.3676, 19.15),
(202, '2020-05-22', 0.6223, 32.41),
(301, '2020-01-01', 0.1806, 37.62),
(301, '2020-01-02', 0.1596, 33.25),
(301, '2020-01-03', 0.1998, 41.64),
(301, '2020-01-04', 0.0831, 17.31),
(301, '2020-01-05', 0.177, 36.88),
(301, '2020-01-06', 0.1976, 41.17),
(301, '2020-01-07', 0.1112, 23.17),
(301, '2020-01-08', 0.2119, 44.15),
(301, '2020-01-09', 0.181, 37.71),
(301, '2020-01-10', 0.1521, 31.68),
(301, '2020-01-11', 0.1923, 40.06),
(301, '2020-01-12', 0.2552, 53.17),
(301, '2020-01-13', 0.175, 36.45),
(301, '2020-01-14', 0.1775, 36.99),
(301, '2020-01-15', 0.1504, 31.33),
(301, '2020-01-16', 0.1354, 28.2),
(301, '2020-01-17', 0.1999, 41.64),
(301, '2020-01-18', 0.1351, 28.15),
(301, '2020-01-19', 0.1707, 35.57),
(301, '2020-01-20', 0.1497, 31.18),
(301, '2020-01-21', 0.1864, 38.83),
(301, '2020-01-22', 0.1808, 37.67),
(301, '2020-01-23', 0.2078, 43.3),
(301, '2020-01-24', 0.1484, 30.92),
(301, '2020-01-25', 0.1576, 32.84),
(301, '2020-01-26', 0.1304, 27.17),
(301, '2020-01-27', 0.1509, 31.45),
(301, '2020-01-28', 0.1825, 38.02),
(301, '2020-01-29', 0.1971, 41.06),
(301, '2020-01-30', 0.1326, 27.62),
(301, '2020-01-31', 0.2014, 41.96),
(301, '2020-02-01', 0.2201, 45.85),
(301, '2020-02-02', 0.1839, 38.31),
(301, '2020-02-03', 0.2401, 50.01),
(301, '2020-02-04', 0.1383, 28.81),
(301, '2020-02-05', 0.1202, 25.04),
(301, '2020-02-06', 0.0997, 20.77),
(301, '2020-02-07', 0.2254, 46.97),
(301, '2020-02-08', 0.1931, 40.23),
(301, '2020-02-09', 0.1659, 34.56),
(301, '2020-02-10', 0.1788, 37.24),
(301, '2020-02-11', 0.1248, 26.0),
(301, '2020-02-12', 0.2619, 54.57),
(301, '2020-02-13', 0.173, 36.03),
(301, '2020-02-14', 0.1722, 35.88),
(301, '2020-02-15', 0.1959, 40.81),
(301, '2020-02-16', 0.1865, 38.85),
(301, '2020-02-17', 0.1766, 36.79),
(301, '2020-02-18', 0.1376, 28.68),
(301, '2020-02-19', 0.1861, 38.77),
(301, '2020-02-20', 0.2403, 50.06),
(301, '2020-02-21', 0.2197, 45.76),
(301, '2020-02-22', 0.2292, 47.75),
(301, '2020-02-23', 0.1484, 30.91),
(301, '2020-02-24', 0.13, 27.08),
(301, '2020-02-25', 0.1632, 33.99),
(301, '2020-02-26', 0.1701, 35.45),
(301, '2020-02-27', 0.21, 43.75),
(301, '2020-02-28', 0.103, 21.46),
(301, '2020-02-29', 0.2267, 47.24),
(301, '2020-03-01', 0.1619, 33.74),
(301, '2020-03-02', 0.1516, 31.58),
(301, '2020-03-03', 0.1291, 26.9),
(301, '2020-03-04', 0.1045, 21.76),
(301, '2020-03-05', 0.1996, 41.59),
(301, '2020-03-06', 0.1708, 35.59),
(301, '2020-03-07', 0.1185, 24.68),
(301, '2020-03-08', 0.1183, 24.64),
(301, '2020-03-09', 0.1551, 32.31),
(301, '2020-03-10', 0.2321, 48.35),
(301, '2020-03-11', 0.158, 32.92),
(301, '2020-03-12', 0.1103, 22.97),
(301, '2020-03-13', 0.1586, 33.03),
(301, '2020-03-14', 0.1575, 32.82),
(301, '2020-03-15', 0.0644, 13.42),
(301, '2020-03-16', 0.1659, 34.57),
(301, '2020-03-17', 0.1591, 33.15),
(301, '2020-03-18', 0.1947, 40.57),
(301, '2020-03-19', 0.239, 49.79),
(301, '2020-03-20', 0.2113, 44.01),
(301, '2020-03-21', 0.1577, 32.85),
(301, '2020-03-22', 0.1255, 26.15),
(301, '2020-03-23', 0.2668, 55.59),
(301, '2020-03-24', 0.1703, 35.47),
(301, '2020-03-25', 0.1685, 35.11),
(301, '2020-03-26', 0.1671, 34.81),
(301, '2020-03-27', 0.1756, 36.58),
(301, '2020-03-28', 0.1625, 33.85),
(301, '2020-03-29', 0.146, 30.41),
(301, '2020-03-30', 0.147, 30.63),
(301, '2020-03-31', 0.1667, 34.74),
(301, '2020-04-01', 0.1471, 30.65),
(301, '2020-04-02', 0.1406, 29.3),
(301, '2020-04-03', 0.1721, 35.85),
(301, '2020-04-04', 0.1582, 32.96),
(301, '2020-04-05', 0.2258, 47.03),
(301, '2020-04-06', 0.0662, 13.79),
(301, '2020-04-07', 0.2099, 43.73),
(301, '2020-04-08', 0.2158, 44.97),
(301, '2020-04-09', 0.0884, 18.41),
(301, '2020-04-10', 0.1548, 32.26),
(301, '2020-04-11', 0.1537, 32.03),
(301, '2020-04-12', 0.114, 23.74),
(301, '2020-04-13', 0.1381, 28.78),
(301, '2020-04-14', 0.1254, 26.12),
(301, '2020-04-15', 0.2353, 49.02),
(301, '2020-04-16', 0.2039, 42.49),
(301, '2020-04-17', 0.2168, 45.17),
(301, '2020-04-18', 0.1957, 40.77),
(301, '2020-04-19', 0.1246, 25.97),
(301, '2020-04-20', 0.1479, 30.8),
(301, '2020-04-21', 0.1868, 38.91),
(301, '2020-04-22', 0.1211, 25.22),
(301, '2020-04-23', 0.1954, 40.7),
(301, '2020-04-24', 0.1588, 33.08),
(301, '2020-04-25', 0.1536, 32.0),
(301, '2020-04-26', 0.1953, 40.69),
(301, '2020-04-27', 0.1851, 38.55),
(301, '2020-04-28', 0.1541, 32.11),
(301, '2020-04-29', 0.2125, 44.27),
(301, '2020-04-30', 0.1265, 26.35),
(301, '2020-05-01', 0.1917, 39.93),
(301, '2020-05-02', 0.1908, 39.74),
(301, '2020-05-03', 0.1561, 32.52),
(301, '2020-05-04', 0.1805, 37.61),
(301, '2020-05-05', 0.12, 24.99),
(301, '2020-05-06', 0.2035, 42.39),
(301, '2020-05-07', 0.1609, 33.52),
(301, '2020-05-08', 0.1479, 30.82),
(301, '2020-05-09', 0.2083, 43.39),
(301, '2020-05-10', 0.141, 29.37),
(301, '2020-05-11', 0.1139, 23.73),
(301, '2020-05-12', 0.1082, 22.55),
(301, '2020-05-13', 0.1913, 39.85),
(301, '2020-05-14', 0.1188, 24.76),
(301, '2020-05-15', 0.2354, 49.04),
(301, '2020-05-16', 0.0881, 18.34),
(301, '2020-05-17', 0.2331, 48.57),
(301, '2020-05-18', 0.1761, 36.69),
(301, '2020-05-19', 0.1643, 34.23),
(301, '2020-05-20', 0.1471, 30.64),
(301, '2020-05-21', 0.1833, 38.19),
(301, '2020-05-22', 0.1666, 34.7),
(302, '2020-01-01', 5.3012, 43.83),
(302, '2020-01-02', 4.3441, 35.91),
(302, '2020-01-03', 4.379, 36.2),
(302, '2020-01-04', 3.8817, 32.09),
(302, '2020-01-05', 4.1785, 34.54),
(302, '2020-01-06', 4.5315, 37.46),
(302, '2020-01-07', 2.5787, 21.32),
(302, '2020-01-08', 2.929, 24.21),
(302, '2020-01-09', 4.9528, 40.95),
(302, '2020-01-10', 4.3989, 36.37),
(302, '2020-01-11', 4.0556, 33.53),
(302, '2020-01-12', 4.2514, 35.15),
(302, '2020-01-13', 4.5699, 37.78),
(302, '2020-01-14', 3.7113, 30.68),
(302, '2020-01-15', 3.4805, 28.77),
(302, '2020-01-16', 4.4231, 36.57),
(302, '2020-01-17', 3.2868, 27.17),
(302, '2020-01-18', 4.6287, 38.27),
(302, '2020-01-19', 2.586, 21.38),
(302, '2020-01-20', 5.2295, 43.23),
(302, '2020-01-21', 4.6909, 38.78),
(302, '2020-01-22', 4.4814, 37.05),
(302, '2020-01-23', 5.1845, 42.86),
(302, '2020-01-24', 5.8452, 48.32),
(302, '2020-01-25', 5.2152, 43.11),
(302, '2020-01-26', 2.4522, 20.27),
(302, '2020-01-27', 2.9954, 24.76),
(302, '2020-01-28', 3.629, 30.0),
(302, '2020-01-29', 4.2588, 35.21),
(302, '2020-01-30', 4.7345, 39.14),
(302, '2020-01-31', 3.5313, 29.19),
(302, '2020-02-01', 4.4143, 36.49),
(302, '2020-02-02', 3.5026, 28.96),
(302, '2020-02-03', 3.6418, 30.11),
(302, '2020-02-04', 2.8724, 23.75),
(302, '2020-02-05', 3.3402, 27.61),
(302, '2020-02-06', 2.9256, 24.19),
(302, '2020-02-07', 3.2893, 27.19),
(302, '2020-02-08', 5.2532, 43.43),
(302, '2020-02-09', 3.3149, 27.4),
(302, '2020-02-10', 6.7809, 56.06),
(302, '2020-02-11', 4.711, 38.95),
(302, '2020-02-12', 4.4125, 36.48),
(302, '2020-02-13', 3.403, 28.13),
(302, '2020-02-14', 4.9113, 40.6),
(302, '2020-02-15', 3.6766, 30.39),
(302, '2020-02-16', 4.3517, 35.98),
(302, '2020-02-17', 6.7109, 55.48),
(302, '2020-02-18', 4.1406, 34.23),
(302, '2020-02-19', 5.3457, 44.19),
(302, '2020-02-20', 3.5532, 29.37),
(302, '2020-02-21', 4.1997, 34.72),
(302, '2020-02-22', 5.9472, 49.17),
(302, '2020-02-23', 3.6269, 29.98),
(302, '2020-02-24', 5.9875, 49.5),
(302, '2020-02-25', 4.9185, 40.66),
(302, '2020-02-26', 3.6893, 30.5),
(302, '2020-02-27', 4.8456, 40.06),
(302, '2020-02-28', 5.1747, 42.78),
(302, '2020-02-29', 4.8353, 39.97),
(302, '2020-03-01', 2.7141, 22.44),
(302, '2020-03-02', 3.53, 29.18),
(302, '2020-03-03', 3.9941, 33.02),
(302, '2020-03-04', 4.1616, 34.4),
(302, '2020-03-05', 4.8342, 39.97),
(302, '2020-03-06', 4.4056, 36.42),
(302, '2020-03-07', 2.9414, 24.32),
(302, '2020-03-08', 4.6015, 38.04),
(302, '2020-03-09', 4.8245, 39.88),
(302, '2020-03-10', 4.7753, 39.48),
(302, '2020-03-11', 5.2794, 43.65),
(302, '2020-03-12', 5.0406, 41.67),
(302, '2020-03-13', 4.6779, 38.67),
(302, '2020-03-14', 4.1657, 34.44),
(302, '2020-03-15', 2.6263, 21.71),
(302, '2020-03-16', 4.6493, 38.44),
(302, '2020-03-17', 4.4346, 36.66),
(302, '2020-03-18', 4.4964, 37.17),
(302, '2020-03-19', 2.9981, 24.79),
(302, '2020-03-20', 3.1875, 26.35),
(302, '2020-03-21', 5.2527, 43.43),
(302, '2020-03-22', 4.1953, 34.68),
(302, '2020-03-23', 4.8931, 40.45),
(302, '2020-03-24', 4.261, 35.23),
(302, '2020-03-25', 4.2624, 35.24),
(302, '2020-03-26', 5.1416, 42.51),
(302, '2020-03-27', 3.7342, 30.87),
(302, '2020-03-28', 4.3266, 35.77),
(302, '2020-03-29', 3.7863, 31.3),
(302, '2020-03-30', 3.8131, 31.52),
(302, '2020-03-31', 3.9344, 32.53),
(302, '2020-04-01', 4.4486, 36.78),
(302, '2020-04-02', 3.7703, 31.17),
(302, '2020-04-03', 5.4488, 45.05),
(302, '2020-04-04', 3.3679, 27.84),
(302, '2020-04-05', 4.0528, 33.51),
(302, '2020-04-06', 3.8081, 31.48),
(302, '2020-04-07', 5.6338, 46.58),
(302, '2020-04-08', 4.4238, 36.57),
(302, '2020-04-09', 5.2321, 43.25),
(302, '2020-04-10', 2.7961, 23.12),
(302, '2020-04-11', 4.492, 37.14),
(302, '2020-04-12', 5.0945, 42.12),
(302, '2020-04-13', 4.3132, 35.66),
(302, '2020-04-14', 5.2646, 43.52),
(302, '2020-04-15', 3.733, 30.86),
(302, '2020-04-16', 5.5974, 46.27),
(302, '2020-04-17', 6.4582, 53.39),
(302, '2020-04-18', 3.8825, 32.1),
(302, '2020-04-19', 3.8025, 31.44),
(302, '2020-04-20', 5.64, 46.63),
(302, '2020-04-21', 5.7621, 47.64),
(302, '2020-04-22', 3.7276, 30.82),
(302, '2020-04-23', 3.827, 31.64),
(302, '2020-04-24', 3.9609, 32.75),
(302, '2020-04-25', 2.9326, 24.24),
(302, '2020-04-26', 3.3446, 27.65),
(302, '2020-04-27', 3.2619, 26.97),
(302, '2020-04-28', 3.4906, 28.86),
(302, '2020-04-29', 4.2, 34.72),
(302, '2020-04-30', 4.4602, 36.87),
(302, '2020-05-01', 5.734, 47.4),
(302, '2020-05-02', 3.2675, 27.01),
(302, '2020-05-03', 5.1861, 42.87),
(302, '2020-05-04', 4.0265, 33.29),
(302, '2020-05-05', 4.1857, 34.6),
(302, '2020-05-06', 4.8866, 40.4),
(302, '2020-05-07', 3.1472, 26.02),
(302, '2020-05-08', 4.6037, 38.06),
(302, '2020-05-09', 4.3947, 36.33),
(302, '2020-05-10', 4.7101, 38.94),
(302, '2020-05-11', 4.5134, 37.31),
(302, '2020-05-12', 6.6095, 54.64),
(302, '2020-05-13', 3.6165, 29.9),
(302, '2020-05-14', 3.7198, 30.75),
(302, '2020-05-15', 3.6306, 30.01),
(302, '2020-05-16', 3.6961, 30.56),
(302, '2020-05-17', 3.6168, 29.9),
(302, '2020-05-18', 5.3842, 44.51),
(302, '2020-05-19', 5.6082, 46.36),
(302, '2020-05-20', 3.6813, 30.43),
(302, '2020-05-21', 3.4281, 28.34),
(302, '2020-05-22', 4.6898, 38.77),
(401, '2020-01-01', 1.027, 85.58),
(401, '2020-01-02', 1.1408, 95.06),
(401, '2020-01-03', 1.0995, 91.62),
(401, '2020-01-04', 0.9345, 77.87),
(401, '2020-01-05', 1.176, 98.0),
(401, '2020-01-06', 1.176, 98.0),
(401, '2020-01-07', 1.0212, 85.1),
(401, '2020-01-08', 1.0428, 86.9),
(401, '2020-01-09', 1.1074, 92.29),
(401, '2020-01-10', 1.1121, 92.68),
(401, '2020-01-11', 1.1432, 95.27),
(401, '2020-01-12', 1.176, 98.0),
(401, '2020-01-13', 1.063, 88.58),
(401, '2020-01-14', 1.0034, 83.61),
(401, '2020-01-15', 0.9476, 78.97),
(401, '2020-01-16', 1.0098, 84.15),
(401, '2020-01-17', 1.0768, 89.73),
(401, '2020-01-18', 1.176, 98.0),
(401, '2020-01-19', 1.0303, 85.86),
(401, '2020-01-20', 1.1015, 91.79),
(401, '2020-01-21', 1.0784, 89.87),
(401, '2020-01-22', 1.176, 98.0),
(401, '2020-01-23', 1.176, 98.0),
(401, '2020-01-24', 1.029, 85.75),
(401, '2020-01-25', 1.033, 86.08),
(401, '2020-01-26', 1.176, 98.0),
(401, '2020-01-27', 1.1455, 95.46),
(401, '2020-01-28', 1.176, 98.0),
(401, '2020-01-29', 1.1361, 94.67),
(401, '2020-01-30', 1.0455, 87.13),
(401, '2020-01-31', 1.1367, 94.73),
(401, '2020-02-01', 1.176, 98.0),
(401, '2020-02-02', 1.1588, 96.56),
(401, '2020-02-03', 1.1287, 94.06),
(401, '2020-02-04', 1.176, 98.0),
(401, '2020-02-05', 1.176, 98.0),
(401, '2020-02-06', 1.176, 98.0),
(401, '2020-02-07', 1.1423, 95.19),
(401, '2020-02-08', 1.064, 88.66),
(401, '2020-02-09', 1.0941, 91.17),
(401, '2020-02-10', 1.176, 98.0),
(401, '2020-02-11', 1.0016, 83.46),
(401, '2020-02-12', 1.1154, 92.95),
(401, '2020-02-13', 1.0422, 86.85),
(401, '2020-02-14', 1.0828, 90.23),
(401, '2020-02-15', 1.176, 98.0),
(401, '2020-02-16', 1.0983, 91.53),
(401, '2020-02-17', 1.0845, 90.37),
(401, '2020-02-18', 0.9495, 79.12),
(401, '2020-02-19', 1.1516, 95.97),
(401, '2020-02-20', 1.142, 95.16),
(401, '2020-02-21', 1.176, 98.0),
(401, '2020-02-22', 1.0505, 87.54),
(401, '2020-02-23', 1.101, 91.75),
(401, '2020-02-24', 1.1039, 92.0),
(401, '2020-02-25', 1.176, 98.0),
(401, '2020-02-26', 1.0709, 89.24),
(401, '2020-02-27', 1.1068, 92.23),
(401, '2020-02-28', 1.1384, 94.86),
(401, '2020-02-29', 1.0979, 91.49),
(401, '2020-03-01', 1.0371, 86.43),
(401, '2020-03-02', 1.0986, 91.55),
(401, '2020-03-03', 1.176, 98.0),
(401, '2020-03-04', 0.9815, 81.79),
(401, '2020-03-05', 1.0928, 91.06),
(401, '2020-03-06', 1.0128, 84.4),
(401, '2020-03-07', 1.176, 98.0),
(401, '2020-03-08', 0.9338, 77.81),
(401, '2020-03-09', 1.0263, 85.53),
(401, '2020-03-10', 1.1162, 93.02),
(401, '2020-03-11', 1.176, 98.0),
(401, '2020-03-12', 1.0737, 89.47),
(401, '2020-03-13', 1.0267, 85.56),
(401, '2020-03-14', 1.176, 98.0),
(401, '2020-03-15', 0.941, 78.42),
(401, '2020-03-16', 0.8689, 72.41),
(401, '2020-03-17', 1.1222, 93.52),
(401, '2020-03-18', 1.0318, 85.98),
(401, '2020-03-19', 0.982, 81.83),
(401, '2020-03-20', 1.148, 95.67),
(401, '2020-03-21', 1.1034, 91.95),
(401, '2020-03-22', 1.0258, 85.49),
(401, '2020-03-23', 0.9571, 79.76),
(401, '2020-03-24', 1.1638, 96.98),
(401, '2020-03-25', 1.1424, 95.2),
(401, '2020-03-26', 1.0705, 89.21),
(401, '2020-03-27', 1.176, 98.0),
(401, '2020-03-28', 0.9773, 81.44),
(401, '2020-03-29', 0.9335, 77.8),
(401, '2020-03-30', 1.0136, 84.46),
(401, '2020-03-31', 1.0756, 89.64),
(401, '2020-04-01', 1.1034, 91.95),
(401, '2020-04-02', 1.0568, 88.07),
(401, '2020-04-03', 1.1138, 92.82),
(401, '2020-04-04', 0.9599, 79.99),
(401, '2020-04-05', 1.176, 98.0),
(401, '2020-04-06', 1.0721, 89.34),
(401, '2020-04-07', 1.176, 98.0),
(401, '2020-04-08', 1.1129, 92.74),
(401, '2020-04-09', 1.1238, 93.65),
(401, '2020-04-10', 1.1347, 94.56),
(401, '2020-04-11', 1.123, 93.58),
(401, '2020-04-12', 1.1417, 95.14),
(401, '2020-04-13', 1.176, 98.0),
(401, '2020-04-14', 1.0989, 91.57),
(401, '2020-04-15', 1.1481, 95.67),
(401, '2020-04-16', 1.0714, 89.28),
(401, '2020-04-17', 1.176, 98.0),
(401, '2020-04-18', 1.0151, 84.59),
(401, '2020-04-19', 1.176, 98.0),
(401, '2020-04-20', 1.0761, 89.68),
(401, '2020-04-21', 0.9426, 78.55),
(401, '2020-04-22', 1.0923, 91.02),
(401, '2020-04-23', 1.0146, 84.55),
(401, '2020-04-24', 1.1607, 96.73),
(401, '2020-04-25', 1.0173, 84.78),
(401, '2020-04-26', 1.0372, 86.43),
(401, '2020-04-27', 0.8986, 74.88),
(401, '2020-04-28', 1.0366, 86.38),
(401, '2020-04-29', 0.8473, 70.61),
(401, '2020-04-30', 0.9279, 77.33),
(401, '2020-05-01', 1.153, 96.08),
(401, '2020-05-02', 1.1554, 96.29),
(401, '2020-05-03', 1.1208, 93.4),
(401, '2020-05-04', 0.9872, 82.26),
(401, '2020-05-05', 1.0754, 89.62),
(401, '2020-05-06', 1.0797, 89.97),
(401, '2020-05-07', 0.9688, 80.73),
(401, '2020-05-08', 1.176, 98.0),
(401, '2020-05-09', 1.1642, 97.02),
(401, '2020-05-10', 1.0588, 88.23),
(401, '2020-05-11', 1.0826, 90.22),
(401, '2020-05-12', 1.1, 91.67),
(401, '2020-05-13', 0.884, 73.67),
(401, '2020-05-14', 1.0563, 88.02),
(401, '2020-05-15', 1.0145, 84.54),
(401, '2020-05-16', 0.9838, 81.99),
(401, '2020-05-17', 1.053, 87.75),
(401, '2020-05-18', 1.176, 98.0),
(401, '2020-05-19', 1.1415, 95.13),
(401, '2020-05-20', 1.0252, 85.43),
(401, '2020-05-21', 1.135, 94.58);

CREATE TABLE Fact_Costos (
    id_costo INT AUTO_INCREMENT PRIMARY KEY,
    id_proyecto INT,
    anio INT,
    lcoe_usd_mwh DECIMAL(10,2),
    capex_musd DECIMAL(12,2),
    opex_musd DECIMAL(12,2),
    FOREIGN KEY (id_proyecto) REFERENCES Dim_Proyecto(id_proyecto)
);

INSERT INTO Fact_Costos (id_proyecto, anio, lcoe_usd_mwh, capex_musd, opex_musd) VALUES (101.0, 2024.0, 47.54, 2640.0, 72.0);
INSERT INTO Fact_Costos (id_proyecto, anio, lcoe_usd_mwh, capex_musd, opex_musd) VALUES (102.0, 2024.0, 44.71, 1334.3, 36.39);
INSERT INTO Fact_Costos (id_proyecto, anio, lcoe_usd_mwh, capex_musd, opex_musd) VALUES (201.0, 2024.0, 68.64, 205.7, 5.61);
INSERT INTO Fact_Costos (id_proyecto, anio, lcoe_usd_mwh, capex_musd, opex_musd) VALUES (202.0, 2024.0, 71.79, 88.0, 2.4);
INSERT INTO Fact_Costos (id_proyecto, anio, lcoe_usd_mwh, capex_musd, opex_musd) VALUES (301.0, 2024.0, 41.42, 22.0, 0.6);
INSERT INTO Fact_Costos (id_proyecto, anio, lcoe_usd_mwh, capex_musd, opex_musd) VALUES (302.0, 2024.0, 82.13, 554.4, 15.12);
INSERT INTO Fact_Costos (id_proyecto, anio, lcoe_usd_mwh, capex_musd, opex_musd) VALUES (401.0, 2024.0, 42.34, 55.0, 1.5);

CREATE TABLE Fact_ImpactoAmbiental (
    id_impacto INT AUTO_INCREMENT PRIMARY KEY,
    id_proyecto INT,
    co2_evitado_ton DECIMAL(15,2),
    ahorro_agua_m3 DECIMAL(15,2),
    FOREIGN KEY (id_proyecto) REFERENCES Dim_Proyecto(id_proyecto)
);

INSERT INTO Fact_ImpactoAmbiental (id_proyecto, co2_evitado_ton, ahorro_agua_m3) VALUES (101, 3240000, 0);
INSERT INTO Fact_ImpactoAmbiental (id_proyecto, co2_evitado_ton, ahorro_agua_m3) VALUES (102, 1637550, 0);
INSERT INTO Fact_ImpactoAmbiental (id_proyecto, co2_evitado_ton, ahorro_agua_m3) VALUES (201, 252450, 28050);
INSERT INTO Fact_ImpactoAmbiental (id_proyecto, co2_evitado_ton, ahorro_agua_m3) VALUES (202, 108000, 12000);
INSERT INTO Fact_ImpactoAmbiental (id_proyecto, co2_evitado_ton, ahorro_agua_m3) VALUES (301, 27000, 3000);
INSERT INTO Fact_ImpactoAmbiental (id_proyecto, co2_evitado_ton, ahorro_agua_m3) VALUES (302, 680400, 75600);
INSERT INTO Fact_ImpactoAmbiental (id_proyecto, co2_evitado_ton, ahorro_agua_m3) VALUES (401, 67500, 7500);

CREATE TABLE Fact_Cobertura (
    id_cobertura INT AUTO_INCREMENT PRIMARY KEY,
    id_proyecto INT,
    id_reg INT,
    usuarios INT,
    disponibilidad_pct DECIMAL(5,2),
    FOREIGN KEY (id_proyecto) REFERENCES Dim_Proyecto(id_proyecto),
    FOREIGN KEY (id_reg) REFERENCES Dim_Regulacion(id_regulacion)
);

INSERT INTO Fact_Cobertura (id_proyecto, id_reg, usuarios, disponibilidad_pct) VALUES (101.0, 2.0, 1080000.0, 98.5);
INSERT INTO Fact_Cobertura (id_proyecto, id_reg, usuarios, disponibilidad_pct) VALUES (102.0, 2.0, 545850.0, 98.5);
INSERT INTO Fact_Cobertura (id_proyecto, id_reg, usuarios, disponibilidad_pct) VALUES (201.0, 1.0, 84150.0, 98.5);
INSERT INTO Fact_Cobertura (id_proyecto, id_reg, usuarios, disponibilidad_pct) VALUES (202.0, 1.0, 36000.0, 98.5);
INSERT INTO Fact_Cobertura (id_proyecto, id_reg, usuarios, disponibilidad_pct) VALUES (301.0, 1.0, 9000.0, 98.5);
INSERT INTO Fact_Cobertura (id_proyecto, id_reg, usuarios, disponibilidad_pct) VALUES (302.0, 1.0, 226800.0, 98.5);
INSERT INTO Fact_Cobertura (id_proyecto, id_reg, usuarios, disponibilidad_pct) VALUES (401.0, 1.0, 22500.0, 98.5);